{
  "tasks": [
    {
      "title": "Learn JavaScript",
      "description": "Complete ES6 exercises",
      "priority": "5",
      "createdDate": "2025-08-07T05:47:47.363Z",
      "isDone": false,
      "id": "1"
    },
    {
      "title": "Build Portfolio",
      "description": "Add My portfolio as projects and host on GitHub Pages",
      "priority": "2",
      "createdDate": "2025-08-06T10:24:48.926Z",
      "isDone": true,
      "id": "2"
    },
    {
      "title": "To do List",
      "description": "To do application with crud operation",
      "priority": "1",
      "createdDate": "2025-08-07T04:10:03.466Z",
      "isDone": false,
      "id": "75bd"
    },
    {
      "id": "a876",
      "title": "Jquery Practice",
      "description": "learning and Practice JQuery",
      "priority": "1",
      "createdDate": "2025-08-05T15:37:43.743Z",
      "isDone": "false"
    },
    {
      "title": "Blog Website",
      "description": "create website for blogs",
      "priority": "3",
      "createdDate": "2025-08-06T13:10:04.838Z",
      "isDone": true,
      "id": "08f5"
    },
    {
      "id": "28a2",
      "title": "Learn JavaScript",
      "description": "Complete ES6 exercises",
      "priority": "3",
      "createdDate": "2025-08-06T09:24:33.008Z",
      "isDone": "false"
    },
    {
      "title": "Image Gallery",
      "description": "making responsive image gallery",
      "priority": "4",
      "createdDate": "2025-08-06T12:46:51.096Z",
      "isDone": false,
      "id": "3c76"
    },
    {
      "title": "Library Management system",
      "description": "making the LMS in C#",
      "priority": "2",
      "createdDate": "2025-08-06T12:49:13.760Z",
      "isDone": false,
      "id": "d44c"
    },
    {
      "title": "Travel Website",
      "description": "Making full responsive travel website",
      "priority": "3",
      "createdDate": "2025-08-06T12:50:17.978Z",
      "isDone": false,
      "id": "2b2c"
    },
    {
      "title": "Website Designing",
      "description": "website creation and make it responsive",
      "priority": "1",
      "createdDate": "2025-08-06T12:43:40.119Z",
      "isDone": false,
      "id": "bc36"
    }
  ],
  "Quotes": [
    {
      "id": "1",
      "quote": "The only limit to our realization of tomorrow is our doubts of today.",
      "author": "Franklin D. Roosevelt"
    },
    {
      "id": "2",
      "quote": "In the middle of every difficulty lies opportunity.",
      "author": "Albert Einstein"
    },
    {
      "id": "3",
      "quote": "Success is not final, failure is not fatal: It is the courage to continue that counts.",
      "author": "Winston Churchill"
    },
    {
      "id": "4",
      "quote": "Believe you can and you're halfway there.",
      "author": "Theodore Roosevelt"
    },
    {
      "id": "5",
      "quote": "Your time is limited, so don’t waste it living someone else’s life.",
      "author": "Steve Jobs"
    },
    {
      "id": "6",
      "quote": "It does not matter how slowly you go as long as you do not stop.",
      "author": "Confucius"
    },
    {
      "id": "7",
      "quote": "I have not failed. I've just found 10,000 ways that won't work.",
      "author": "Thomas Edison"
    },
    {
      "id": "8",
      "quote": "The purpose of our lives is to be happy.",
      "author": "Dalai Lama"
    },
    {
      "id": "9",
      "quote": "Be yourself; everyone else is already taken.",
      "author": "Oscar Wilde"
    },
    {
      "id": "10",
      "quote": "Happiness is not something ready made. It comes from your own actions.",
      "author": "Dalai Lama"
    }
  ]
}