{
  "tasks": [
    {
      "id": "3cf2",
      "title": "To do List",
      "description": "",
      "priority": "1",
      "createdDate": "2025-08-05T11:37:57.114Z",
      "isDone": "false"
    },
    {
      "id": "622e",
      "title": "Task Manager",
      "description": "yyyy",
      "priority": "1",
      "createdDate": "2025-08-05T11:38:32.998Z",
      "isDone": true,
      "updatedDate": "2025-08-05T13:05:28.972Z"
    },
    {
      "id": "7844",
      "title": "to do",
      "description": "jjj",
      "priority": "3",
      "createdDate": "2025-08-06T06:43:52.554Z",
      "isDone": "false"
    },
    {
      "id": "47b2",
      "title": "to do management",
      "description": "to do",
      "priority": "1",
      "createdDate": "2025-08-06T06:44:30.542Z",
      "isDone": "false"
    }
  ]
}