{
  "users": [
    {
      "id": "1",
      "name": "Alice",
      "email": "alice@example.com"
    },
    {
      "id": "2",
      "name": "Bob",
      "email": "bob@example.com"
    },
    {
      "id": "3",
      "name": "Charlie",
      "email": "charlie@example.com"
    },
    {
      "id": "4",
      "name": "David",
      "email": "david@example.com"
    },
    {
      "id": "5",
      "name": "Emma",
      "email": "emma@example.com"
    },
    {
      "id": "7a62",
      "name": "Harry",
      "email": "harry@gmail.com"
    },
    {
      "name": "Ron",
      "email": "ron@gmail.com",
      "id": "2137"
    }
  ],
  "products": [
    {
      "id": "1",
      "title": "Laptop",
      "price": 55000
    },
    {
      "id": "2",
      "title": "Mobile",
      "price": 25000
    },
    {
      "id": "3",
      "title": "Tablet",
      "price": 18000
    },
    {
      "id": "4",
      "title": "Headphones",
      "price": 3000
    },
    {
      "id": "5",
      "title": "Smartwatch",
      "price": 8000
    }
  ],
  "orders": [
    {
      "id": "1",
      "userId": 1,
      "productId": 2,
      "quantity": 1
    },
    {
      "id": "2",
      "userId": 3,
      "productId": 4,
      "quantity": 2
    },
    {
      "id": "3",
      "userId": 2,
      "productId": 1,
      "quantity": 1
    },
    {
      "id": "4",
      "userId": 5,
      "productId": 3,
      "quantity": 1
    }
  ],
  "posts": [
    {
      "id": "1",
      "title": "Learning JavaScript",
      "author": "Alice"
    },
    {
      "id": "2",
      "title": "CSS Grid Layout",
      "author": "Bob"
    },
    {
      "id": "3",
      "title": "Understanding Async/Await",
      "author": "Charlie"
    },
    {
      "id": "4",
      "title": "Node.js for Beginners",
      "author": "Emma"
    }
  ],
  "comments": [
    {
      "id": "1",
      "postId": 1,
      "body": "Great explanation!"
    },
    {
      "id": "2",
      "postId": 2,
      "body": "Very useful guide"
    },
    {
      "id": "3",
      "postId": 3,
      "body": "Helped me a lot, thanks"
    },
    {
      "id": "4",
      "postId": 4,
      "body": "Awesome content!"
    }
  ]
}