{
  "tasks": [
    {
      "title": "Learn JavaScript",
      "description": "Complete ES6 exercises",
      "priority": "5",
      "createdDate": "2025-08-07T05:47:47.363Z",
      "isDone": false,
      "id": "1"
    }
  ],
  "employees": [
    {
      "name": "Kural",
      "email": "kural144@gmail.com",
      "department": "Engineering",
      "joiningDate": "2025-04-21",
      "salary": "20000",
      "id": "c215"
    },
    {
      "name": "Dhivya",
      "email": "Dhivya123@gmail.com",
      "department": "Engineering",
      "joiningDate": "2025-07-13",
      "salary": "66666",
      "id": "09bb"
    },
    {
      "name": "Kaviya",
      "email": "kaviya123@gmail.com",
      "department": "Human Resource",
      "joiningDate": "2025-08-13",
      "salary": "27000",
      "id": "fdfc"
    },
    {
      "name": "Bhuvana",
      "email": "Bhuvana123@gmail.com",
      "department": "Engineering",
      "joiningDate": "2025-07-05",
      "salary": "34000",
      "id": "31f1"
    },
    {
      "name": "Suvetha",
      "email": "suvetha123@gmail.com",
      "department": "Marketing",
      "joiningDate": "2025-08-04",
      "salary": "45000",
      "id": "9e4a"
    },
    {
      "name": "Nabitha",
      "email": "nabi@gmail.com",
      "department": "",
      "joiningDate": "2025-08-04",
      "salary": "55000",
      "id": "feab"
    },
    {
      "id": "7ab3",
      "name": "Anitha",
      "email": "ani@gmail.com",
      "department": "Marketing",
      "joiningDate": "2025-08-16",
      "salary": 40000
    }
  ],
  "departments": [
    {
      "id": "1",
      "name": "Human Resource",
      "code": "HR"
    },
    {
      "id": "2",
      "name": "Engineering",
      "code": "ENG"
    },
    {
      "id": "3",
      "name": "Marketing",
      "code": "MAR"
    },
    {
      "id": "4",
      "name": "Sales",
      "code": "SAL"
    },
    {
      "id": "5",
      "name": "Integeration",
      "code": "INT"
    },
    {
      "id": "6",
      "name": "Testing",
      "code": "TES"
    }
  ]
}