{
  "users": [
    {
      "id": "c38b",
      "name": "jinny",
      "email": "jinny@gmail.com",
      "password": "jjjjjjjj"
    },
    {
      "id": "154e",
      "name": "harry",
      "email": "harry@gmail.com",
      "password": "hhhhhhhh"
    },
    {
      "id": "9e9f",
      "name": "Emma",
      "email": "emma@gmail.com",
      "password": "eeeeeeee"
    },
    {
      "id": "b239",
      "name": "Ron",
      "email": "ron@gmil.com",
      "password": "rrrrrrrr"
    },
    {
      "id": "603c",
      "name": "James",
      "email": "James@gmail.com",
      "password": "jjjjjjjj"
    },
    {
      "id": "0efa",
      "name": "kural",
      "email": "kural@gmail.com",
      "password": "88888888"
    },
    {
      "id": "cc10",
      "title": "fffffff",
      "description": "",
      "priority": null,
      "createdDate": "2025-08-05T09:55:23.385Z",
      "isDone": "false"
    }
  ]
}