{
  "categories": [
    {
      "id": "1",
      "name": "Electronics"
    },
    {
      "id": "2",
      "name": "Clothes"
    },
    {
      "id": "3",
      "name": "Footwear"
    },
    {
      "id": "4",
      "name": "Accessories"
    },
    {
      "id": "5",
      "name": "Home Appliances"
    },
    {
      "id": "6",
      "name": "Top Sales"
    }
  ],
  "products": [
    {
      "id": "1",
      "name": "Smartphone",
      "description": "Latest 5G smartphone with OLED display",
      "image": "/images/image-12.jpg",
      "price": 29999,
      "categoryId": 1,
      "rating": 3
    },
    {
      "id": "2",
      "name": "Laptop",
      "description": "Lightweight laptop with high performance",
      "image": "/images/image-13.jpg",
      "price": 55999,
      "categoryId": 1,
      "rating": 4.8
    },
    {
      "id": "3",
      "name": "Bluetooth Speaker",
      "description": "Portable wireless speaker with deep bass",
      "image": "/images/image-11.jpg",
      "price": 1999,
      "categoryId": 1,
      "rating": 4.2
    },
    {
      "id": "4",
      "name": "Headphones",
      "description": "Noise-cancelling wireless headphones",
      "image": "/images/image-13.jpg",
      "price": 4999,
      "categoryId": 1,
      "rating": 4.4
    },
    {
      "id": "5",
      "name": "Smartwatch",
      "description": "Fitness tracking smartwatch",
      "image": "/images/image-14.jpg",
      "price": 7999,
      "categoryId": 1,
      "rating": 4.1
    },
    {
      "id": "6",
      "name": "Tablet",
      "description": "Android tablet for work and play",
      "image": "/images/image-11.jpg",
      "price": 17999,
      "categoryId": 1,
      "rating": 4.3
    },
    {
      "id": "7",
      "name": "Power Bank",
      "description": "10000mAh fast-charging power bank",
      "image": "/images/image-12.jpg",
      "price": 1499,
      "categoryId": 1,
      "rating": 4
    },
    {
      "id": "8",
      "name": "Camera",
      "description": "DSLR camera for photography lovers",
      "image": "/images/image-13.jpg",
      "price": 39999,
      "categoryId": 1,
      "rating": 4.7
    },
    {
      "id": "9",
      "name": "Printer",
      "description": "Wireless inkjet printer",
      "image": "/images/image-14.jpg",
      "price": 8999,
      "categoryId": 1,
      "rating": 3.2
    },
    {
      "id": "10",
      "name": "Gaming Console",
      "description": "Next-gen gaming console",
      "image": "/images/image-11.jpg",
      "price": 49999,
      "categoryId": 1,
      "rating": 4.6
    },
    {
      "id": "11",
      "name": "T-Shirt",
      "description": "Comfortable cotton t-shirt",
      "image": "/images/image-1.jpg",
      "price": 499,
      "categoryId": 2,
      "rating": 4.1
    },
    {
      "id": "12",
      "name": "Jeans",
      "description": "Stylish slim-fit jeans",
      "image": "/images/image-2.jpg",
      "price": 1299,
      "categoryId": 2,
      "rating": 4.3
    },
    {
      "id": "13",
      "name": "Jacket",
      "description": "Winter jacket with hood",
      "image": "/images/image-5.jpg",
      "price": 2499,
      "categoryId": 2,
      "rating": 4.4
    },
    {
      "id": "14",
      "name": "Shirt",
      "description": "Formal cotton shirt",
      "image": "/images/image-4.jpg",
      "price": 999,
      "categoryId": 2,
      "rating": 4
    },
    {
      "id": "15",
      "name": "Kurti",
      "description": "Trendy ethnic wear kurti",
      "image": "/images/image-8.jpg",
      "price": 799,
      "categoryId": 2,
      "rating": 3.2
    },
    {
      "id": "16",
      "name": "Hoodie",
      "description": "Casual hoodie for winter",
      "image": "/images/image-5.jpg",
      "price": 1499,
      "categoryId": 2,
      "rating": 4.1
    },
    {
      "id": "21",
      "name": "Sneakers",
      "description": "Trendy sports sneakers",
      "image": "/images/image-3.jpg",
      "price": 1999,
      "categoryId": 3,
      "rating": 4.3
    },
    {
      "id": "22",
      "name": "Sandals",
      "description": "Comfortable leather sandals",
      "image": "/images/image-17.jpg",
      "price": 899,
      "categoryId": 3,
      "rating": 4
    },
    {
      "id": "23",
      "name": "Running Shoes",
      "description": "Lightweight running shoes",
      "image": "/images/image-3.jpg",
      "price": 2499,
      "categoryId": 3,
      "rating": 4.2
    },
    {
      "id": "24",
      "name": "Formal Shoes",
      "description": "Classic leather formal shoes",
      "image": "/images/image-16.jpg",
      "price": 3499,
      "categoryId": 3,
      "rating": 4.1
    },
    {
      "id": "25",
      "name": "Slippers",
      "description": "Casual flip-flop slippers",
      "image": "/images/image-17.jpg",
      "price": 399,
      "categoryId": 3,
      "rating": 4
    },
    {
      "id": "26",
      "name": "Boots",
      "description": "Durable leather boots",
      "image": "/images/image-16.jpg",
      "price": 2999,
      "categoryId": 3,
      "rating": 3.2
    },
    {
      "id": "27",
      "name": "Heels",
      "description": "Stylish high heels for women",
      "image": "/images/image-15.jpg",
      "price": 1999,
      "categoryId": 3,
      "rating": 4.1
    },
    {
      "id": "28",
      "name": "Earrings",
      "description": "Golden Earrings",
      "image": "/images/image-20.png",
      "price": 799,
      "categoryId": 4,
      "rating": 4
    },
    {
      "id": "29",
      "name": "Golden Chain",
      "description": "Trendy golden chain",
      "image": "/images/image-18.jpg",
      "price": 1999,
      "categoryId": 4,
      "rating": 4.3
    },
    {
      "id": "30",
      "name": "Siver chain",
      "description": "Modern Silver chain",
      "image": "/images/image-19.jpg",
      "price": 499,
      "categoryId": 4,
      "rating": 4.1
    },
    {
      "id": "31",
      "name": "Watch",
      "description": "Analog wrist watch",
      "image": "/images/image-14.jpg",
      "price": 1999,
      "categoryId": 4,
      "rating": 4.4
    },
    
    {
      "id": "33",
      "name": "Sunglasses",
      "description": "UV protected sunglasses",
      "image": "/images/image-10.jpg",
      "price": 1499,
      "categoryId": 4,
      "rating": 4.2
    },
    
    
    {
      "id": "40",
      "name": "Cap",
      "description": "Yellow cap to protect from sun",
      "image": "/images/image-6.jpg",
      "price": 299,
      "categoryId": 4,
      "rating": 4
    },
    {
      "id": "41",
      "name": "Mixer Grinder",
      "description": "500W powerful mixer grinder",
      "image": "/images/image-21.jpg",
      "price": 3499,
      "categoryId": 5,
      "rating": 4.3
    },
    {
      "id": "42",
      "name": "Microwave Oven",
      "description": "Convection microwave oven",
      "image": "/images/image-22.jpg",
      "price": 8999,
      "categoryId": 5,
      "rating": 4.5
    },
    {
      "id": "44",
      "name": "Refrigerator",
      "description": "Double door refrigerator",
      "image": "/images/image-23.jpg",
      "price": 30999,
      "categoryId": 5,
      "rating": 4.7
    },
    {
      "id": "51",
      "name": "Red T-shirt",
      "description": "Comfortable cotton T-shirt",
      "image": "/images/image-1.jpg",
      "price": 499,
      "categoryId": 6,
      "rating": 4.1
    },
    {
      "id": "52",
      "name": "Blue Jeans",
      "description": "Stylish denim jeans for everyday wear",
      "image": "/images/image-2.jpg",
      "price": 999,
      "categoryId": 6,
      "rating": 4.2
    },
    {
      "id": "53",
      "name": "Black Sneakers",
      "description": "Comfortable sneakers for casual wear",
      "image": "/images/image-3.jpg",
      "price": 1499,
      "categoryId": 6,
      "rating": 4.3
    },
    {
      "id": "54",
      "name": "White Shirt",
      "description": "Elegant white shirt for office and parties",
      "image": "/images/image-4.jpg",
      "price": 699,
      "categoryId": 6,
      "rating": 4
    },
    {
      "id": "55",
      "name": "Green Hoodie",
      "description": "Warm hoodie for winter season",
      "image": "/images/image-5.jpg",
      "price": 1299,
      "categoryId": 6,
      "rating": 4.2
    },
    {
      "id": "56",
      "name": "Yellow Cap",
      "description": "Stylish cap to protect from sun",
      "image": "/images/image-6.jpg",
      "price": 299,
      "categoryId": 6,
      "rating": 4.1
    },
    {
      "id": "57",
      "name": "Brown Belt",
      "description": "Leather belt to complete your outfit",
      "image": "/images/image-7.jpg",
      "price": 399,
      "categoryId": 6,
      "rating": 4
    },
    {
      "id": "58",
      "name": "Pink Dress",
      "description": "Beautiful dress for casual outings",
      "image": "/images/image-8.jpg",
      "price": 1999,
      "categoryId": 6,
      "rating": 4.5
    },
    {
      "id": "59",
      "name": "Sports Watch",
      "description": "Waterproof sports watch with modern design",
      "image": "/images/image-9.jpg",
      "price": 2499,
      "categoryId": 6,
      "rating": 4.6
    },
    {
      "id": "60",
      "name": "Black Sunglasses",
      "description": "Trendy sunglasses for sunny days",
      "image": "/images/image-10.jpg",
      "price": 799,
      "categoryId": 6,
      "rating": 4.2
    }
  ],
  "users": [
    {
      "id": "b261",
      "name": "suvetha",
      "email": "suvetha@gmail.com",
      "password": "Suverha@2373"
    },
    {
      "id": "bee0",
      "name": "KURALARASI MANIVANAN",
      "email": "kuralarasi21@gmail.com",
      "password": "Kural@2003"
    },
    {
      "id": "01dc",
      "name": "luna",
      "email": "luna21@gmail.com",
      "password": "Luna@34t"
    },
    {
      "id": "b26c",
      "name": "Dhivya",
      "email": "dhivya123@gmail.com",
      "password": "Dhivya@2004"
    },
    {
      "id": "caad",
      "name": "fffff",
      "email": "ffffffff@gmail.com",
      "password": "Kuraj@35453"
    },
    {
      "id": "cfe9",
      "name": "kaviya",
      "email": "kaviya@gmail.com",
      "password": "Kaviya@2004"
    }
  ]
}